{
    "status": 1,
    "cached": 0,
    "message": "Countries found",
    "count": 2,
    "data": [
        {
            "countryId": 2,
            "name": "Türkiye",
            "code": "Tr",
            "sortOrder": 0,
            "status": 1,
            "createdAt": "2023-08-05T19:18:42.2593562",
            "updatedAt": "2023-08-05T19:18:42.2593899",
            "addresses": [],
            "cities": [
                {
                    "cityId": 1,
                    "countryId": 0,
                    "name": "Adana",
                    "code": "01",
                    "sortOrder": 0,
                    "status": 0,
                    "createdAt": "0001-01-01T00:00:00",
                    "updatedAt": "0001-01-01T00:00:00",
                    "addresses": [],
                    "country": null,
                    "districts": []
                },
                {
                    "cityId": 3,
                    "countryId": 0,
                    "name": "Adıyaman",
                    "code": "02",
                    "sortOrder": 0,
                    "status": 0,
                    "createdAt": "0001-01-01T00:00:00",
                    "updatedAt": "0001-01-01T00:00:00",
                    "addresses": [],
                    "country": null,
                    "districts": []
                },
                {
                    "cityId": 4,
                    "countryId": 0,
                    "name": "Afyonkarahisar",
                    "code": "03",
                    "sortOrder": 0,
                    "status": 0,
                    "createdAt": "0001-01-01T00:00:00",
                    "updatedAt": "0001-01-01T00:00:00",
                    "addresses": [],
                    "country": null,
                    "districts": []
                },
                {
                    "cityId": 5,
                    "countryId": 0,
                    "name": "Ağrı",
                    "code": "04",
                    "sortOrder": 0,
                    "status": 0,
                    "createdAt": "0001-01-01T00:00:00",
                    "updatedAt": "0001-01-01T00:00:00",
                    "addresses": [],
                    "country": null,
                    "districts": []
                },
                {
                    "cityId": 6,
                    "countryId": 0,
                    "name": "Amasya",
                    "code": "05",
                    "sortOrder": 0,
                    "status": 0,
                    "createdAt": "0001-01-01T00:00:00",
                    "updatedAt": "0001-01-01T00:00:00",
                    "addresses": [],
                    "country": null,
                    "districts": []
                },
                {
                    "cityId": 7,
                    "countryId": 0,
                    "name": "Ankara",
                    "code": "06",
                    "sortOrder": 0,
                    "status": 0,
                    "createdAt": "0001-01-01T00:00:00",
                    "updatedAt": "0001-01-01T00:00:00",
                    "addresses": [],
                    "country": null,
                    "districts": []
                },
                {
                    "cityId": 8,
                    "countryId": 0,
                    "name": "Antalya",
                    "code": "07",
                    "sortOrder": 0,
                    "status": 0,
                    "createdAt": "0001-01-01T00:00:00",
                    "updatedAt": "0001-01-01T00:00:00",
                    "addresses": [],
                    "country": null,
                    "districts": []
                },
                {
                    "cityId": 9,
                    "countryId": 0,
                    "name": "Artvin",
                    "code": "08",
                    "sortOrder": 0,
                    "status": 0,
                    "createdAt": "0001-01-01T00:00:00",
                    "updatedAt": "0001-01-01T00:00:00",
                    "addresses": [],
                    "country": null,
                    "districts": []
                },
                {
                    "cityId": 10,
                    "countryId": 0,
                    "name": "Aydın",
                    "code": "09",
                    "sortOrder": 0,
                    "status": 0,
                    "createdAt": "0001-01-01T00:00:00",
                    "updatedAt": "0001-01-01T00:00:00",
                    "addresses": [],
                    "country": null,
                    "districts": []
                },
                {
                    "cityId": 11,
                    "countryId": 0,
                    "name": "Balıkesir",
                    "code": "10",
                    "sortOrder": 0,
                    "status": 0,
                    "createdAt": "0001-01-01T00:00:00",
                    "updatedAt": "0001-01-01T00:00:00",
                    "addresses": [],
                    "country": null,
                    "districts": []
                },
                {
                    "cityId": 12,
                    "countryId": 0,
                    "name": "Bilecik",
                    "code": "11",
                    "sortOrder": 0,
                    "status": 0,
                    "createdAt": "0001-01-01T00:00:00",
                    "updatedAt": "0001-01-01T00:00:00",
                    "addresses": [],
                    "country": null,
                    "districts": []
                },
                {
                    "cityId": 13,
                    "countryId": 0,
                    "name": "Bingöl",
                    "code": "12",
                    "sortOrder": 0,
                    "status": 0,
                    "createdAt": "0001-01-01T00:00:00",
                    "updatedAt": "0001-01-01T00:00:00",
                    "addresses": [],
                    "country": null,
                    "districts": []
                },
                {
                    "cityId": 14,
                    "countryId": 0,
                    "name": "Bitlis",
                    "code": "13",
                    "sortOrder": 0,
                    "status": 0,
                    "createdAt": "0001-01-01T00:00:00",
                    "updatedAt": "0001-01-01T00:00:00",
                    "addresses": [],
                    "country": null,
                    "districts": []
                },
                {
                    "cityId": 15,
                    "countryId": 0,
                    "name": "Bolu",
                    "code": "14",
                    "sortOrder": 0,
                    "status": 0,
                    "createdAt": "0001-01-01T00:00:00",
                    "updatedAt": "0001-01-01T00:00:00",
                    "addresses": [],
                    "country": null,
                    "districts": []
                },
                {
                    "cityId": 16,
                    "countryId": 0,
                    "name": "Burdur",
                    "code": "15",
                    "sortOrder": 0,
                    "status": 0,
                    "createdAt": "0001-01-01T00:00:00",
                    "updatedAt": "0001-01-01T00:00:00",
                    "addresses": [],
                    "country": null,
                    "districts": []
                },
                {
                    "cityId": 17,
                    "countryId": 0,
                    "name": "Bursa",
                    "code": "16",
                    "sortOrder": 0,
                    "status": 0,
                    "createdAt": "0001-01-01T00:00:00",
                    "updatedAt": "0001-01-01T00:00:00",
                    "addresses": [],
                    "country": null,
                    "districts": []
                },
                {
                    "cityId": 18,
                    "countryId": 0,
                    "name": "Çanakkale",
                    "code": "17",
                    "sortOrder": 0,
                    "status": 0,
                    "createdAt": "0001-01-01T00:00:00",
                    "updatedAt": "0001-01-01T00:00:00",
                    "addresses": [],
                    "country": null,
                    "districts": []
                },
                {
                    "cityId": 19,
                    "countryId": 0,
                    "name": "Çankırı",
                    "code": "18",
                    "sortOrder": 0,
                    "status": 0,
                    "createdAt": "0001-01-01T00:00:00",
                    "updatedAt": "0001-01-01T00:00:00",
                    "addresses": [],
                    "country": null,
                    "districts": []
                },
                {
                    "cityId": 20,
                    "countryId": 0,
                    "name": "Çorum",
                    "code": "19",
                    "sortOrder": 0,
                    "status": 0,
                    "createdAt": "0001-01-01T00:00:00",
                    "updatedAt": "0001-01-01T00:00:00",
                    "addresses": [],
                    "country": null,
                    "districts": []
                },
                {
                    "cityId": 21,
                    "countryId": 0,
                    "name": "Denizli",
                    "code": "20",
                    "sortOrder": 0,
                    "status": 0,
                    "createdAt": "0001-01-01T00:00:00",
                    "updatedAt": "0001-01-01T00:00:00",
                    "addresses": [],
                    "country": null,
                    "districts": []
                },
                {
                    "cityId": 22,
                    "countryId": 0,
                    "name": "Diyarbakır",
                    "code": "21",
                    "sortOrder": 0,
                    "status": 0,
                    "createdAt": "0001-01-01T00:00:00",
                    "updatedAt": "0001-01-01T00:00:00",
                    "addresses": [],
                    "country": null,
                    "districts": []
                },
                {
                    "cityId": 23,
                    "countryId": 0,
                    "name": "Edirne",
                    "code": "22",
                    "sortOrder": 0,
                    "status": 0,
                    "createdAt": "0001-01-01T00:00:00",
                    "updatedAt": "0001-01-01T00:00:00",
                    "addresses": [],
                    "country": null,
                    "districts": []
                },
                {
                    "cityId": 24,
                    "countryId": 0,
                    "name": "Elazığ",
                    "code": "23",
                    "sortOrder": 0,
                    "status": 0,
                    "createdAt": "0001-01-01T00:00:00",
                    "updatedAt": "0001-01-01T00:00:00",
                    "addresses": [],
                    "country": null,
                    "districts": []
                },
                {
                    "cityId": 25,
                    "countryId": 0,
                    "name": "Erzincan",
                    "code": "24",
                    "sortOrder": 0,
                    "status": 0,
                    "createdAt": "0001-01-01T00:00:00",
                    "updatedAt": "0001-01-01T00:00:00",
                    "addresses": [],
                    "country": null,
                    "districts": []
                },
                {
                    "cityId": 26,
                    "countryId": 0,
                    "name": "Erzurum",
                    "code": "25",
                    "sortOrder": 0,
                    "status": 0,
                    "createdAt": "0001-01-01T00:00:00",
                    "updatedAt": "0001-01-01T00:00:00",
                    "addresses": [],
                    "country": null,
                    "districts": []
                },
                {
                    "cityId": 27,
                    "countryId": 0,
                    "name": "Eskişehir",
                    "code": "26",
                    "sortOrder": 0,
                    "status": 0,
                    "createdAt": "0001-01-01T00:00:00",
                    "updatedAt": "0001-01-01T00:00:00",
                    "addresses": [],
                    "country": null,
                    "districts": []
                },
                {
                    "cityId": 28,
                    "countryId": 0,
                    "name": "Gaziantep",
                    "code": "27",
                    "sortOrder": 0,
                    "status": 0,
                    "createdAt": "0001-01-01T00:00:00",
                    "updatedAt": "0001-01-01T00:00:00",
                    "addresses": [],
                    "country": null,
                    "districts": []
                },
                {
                    "cityId": 29,
                    "countryId": 0,
                    "name": "Giresun",
                    "code": "28",
                    "sortOrder": 0,
                    "status": 0,
                    "createdAt": "0001-01-01T00:00:00",
                    "updatedAt": "0001-01-01T00:00:00",
                    "addresses": [],
                    "country": null,
                    "districts": []
                },
                {
                    "cityId": 30,
                    "countryId": 0,
                    "name": "Gümüşhane",
                    "code": "29",
                    "sortOrder": 0,
                    "status": 0,
                    "createdAt": "0001-01-01T00:00:00",
                    "updatedAt": "0001-01-01T00:00:00",
                    "addresses": [],
                    "country": null,
                    "districts": []
                },
                {
                    "cityId": 31,
                    "countryId": 0,
                    "name": "Hakkari",
                    "code": "30",
                    "sortOrder": 0,
                    "status": 0,
                    "createdAt": "0001-01-01T00:00:00",
                    "updatedAt": "0001-01-01T00:00:00",
                    "addresses": [],
                    "country": null,
                    "districts": []
                },
                {
                    "cityId": 32,
                    "countryId": 0,
                    "name": "Hatay",
                    "code": "31",
                    "sortOrder": 0,
                    "status": 0,
                    "createdAt": "0001-01-01T00:00:00",
                    "updatedAt": "0001-01-01T00:00:00",
                    "addresses": [],
                    "country": null,
                    "districts": []
                },
                {
                    "cityId": 33,
                    "countryId": 0,
                    "name": "Isparta",
                    "code": "32",
                    "sortOrder": 0,
                    "status": 0,
                    "createdAt": "0001-01-01T00:00:00",
                    "updatedAt": "0001-01-01T00:00:00",
                    "addresses": [],
                    "country": null,
                    "districts": []
                },
                {
                    "cityId": 34,
                    "countryId": 0,
                    "name": "Mersin",
                    "code": "33",
                    "sortOrder": 0,
                    "status": 0,
                    "createdAt": "0001-01-01T00:00:00",
                    "updatedAt": "0001-01-01T00:00:00",
                    "addresses": [],
                    "country": null,
                    "districts": []
                },
                {
                    "cityId": 35,
                    "countryId": 0,
                    "name": "İstanbul",
                    "code": "34",
                    "sortOrder": 0,
                    "status": 0,
                    "createdAt": "0001-01-01T00:00:00",
                    "updatedAt": "0001-01-01T00:00:00",
                    "addresses": [],
                    "country": null,
                    "districts": []
                },
                {
                    "cityId": 36,
                    "countryId": 0,
                    "name": "İzmir",
                    "code": "35",
                    "sortOrder": 0,
                    "status": 0,
                    "createdAt": "0001-01-01T00:00:00",
                    "updatedAt": "0001-01-01T00:00:00",
                    "addresses": [],
                    "country": null,
                    "districts": []
                },
                {
                    "cityId": 37,
                    "countryId": 0,
                    "name": "Kars",
                    "code": "36",
                    "sortOrder": 0,
                    "status": 0,
                    "createdAt": "0001-01-01T00:00:00",
                    "updatedAt": "0001-01-01T00:00:00",
                    "addresses": [],
                    "country": null,
                    "districts": []
                },
                {
                    "cityId": 38,
                    "countryId": 0,
                    "name": "Kastamonu",
                    "code": "37",
                    "sortOrder": 0,
                    "status": 0,
                    "createdAt": "0001-01-01T00:00:00",
                    "updatedAt": "0001-01-01T00:00:00",
                    "addresses": [],
                    "country": null,
                    "districts": []
                },
                {
                    "cityId": 39,
                    "countryId": 0,
                    "name": "Kayseri",
                    "code": "38",
                    "sortOrder": 0,
                    "status": 0,
                    "createdAt": "0001-01-01T00:00:00",
                    "updatedAt": "0001-01-01T00:00:00",
                    "addresses": [],
                    "country": null,
                    "districts": []
                },
                {
                    "cityId": 40,
                    "countryId": 0,
                    "name": "Kırklareli",
                    "code": "39",
                    "sortOrder": 0,
                    "status": 0,
                    "createdAt": "0001-01-01T00:00:00",
                    "updatedAt": "0001-01-01T00:00:00",
                    "addresses": [],
                    "country": null,
                    "districts": []
                },
                {
                    "cityId": 41,
                    "countryId": 0,
                    "name": "Kırşehir",
                    "code": "40",
                    "sortOrder": 0,
                    "status": 0,
                    "createdAt": "0001-01-01T00:00:00",
                    "updatedAt": "0001-01-01T00:00:00",
                    "addresses": [],
                    "country": null,
                    "districts": []
                },
                {
                    "cityId": 42,
                    "countryId": 0,
                    "name": "Kocaeli",
                    "code": "41",
                    "sortOrder": 0,
                    "status": 0,
                    "createdAt": "0001-01-01T00:00:00",
                    "updatedAt": "0001-01-01T00:00:00",
                    "addresses": [],
                    "country": null,
                    "districts": []
                },
                {
                    "cityId": 43,
                    "countryId": 0,
                    "name": "Konya",
                    "code": "42",
                    "sortOrder": 0,
                    "status": 0,
                    "createdAt": "0001-01-01T00:00:00",
                    "updatedAt": "0001-01-01T00:00:00",
                    "addresses": [],
                    "country": null,
                    "districts": []
                },
                {
                    "cityId": 44,
                    "countryId": 0,
                    "name": "Kütahya",
                    "code": "43",
                    "sortOrder": 0,
                    "status": 0,
                    "createdAt": "0001-01-01T00:00:00",
                    "updatedAt": "0001-01-01T00:00:00",
                    "addresses": [],
                    "country": null,
                    "districts": []
                },
                {
                    "cityId": 45,
                    "countryId": 0,
                    "name": "Malatya",
                    "code": "44",
                    "sortOrder": 0,
                    "status": 0,
                    "createdAt": "0001-01-01T00:00:00",
                    "updatedAt": "0001-01-01T00:00:00",
                    "addresses": [],
                    "country": null,
                    "districts": []
                },
                {
                    "cityId": 46,
                    "countryId": 0,
                    "name": "Manisa",
                    "code": "45",
                    "sortOrder": 0,
                    "status": 0,
                    "createdAt": "0001-01-01T00:00:00",
                    "updatedAt": "0001-01-01T00:00:00",
                    "addresses": [],
                    "country": null,
                    "districts": []
                },
                {
                    "cityId": 47,
                    "countryId": 0,
                    "name": "Kahramanmaraş",
                    "code": "46",
                    "sortOrder": 0,
                    "status": 0,
                    "createdAt": "0001-01-01T00:00:00",
                    "updatedAt": "0001-01-01T00:00:00",
                    "addresses": [],
                    "country": null,
                    "districts": []
                },
                {
                    "cityId": 48,
                    "countryId": 0,
                    "name": "Mardin",
                    "code": "47",
                    "sortOrder": 0,
                    "status": 0,
                    "createdAt": "0001-01-01T00:00:00",
                    "updatedAt": "0001-01-01T00:00:00",
                    "addresses": [],
                    "country": null,
                    "districts": []
                },
                {
                    "cityId": 49,
                    "countryId": 0,
                    "name": "Muğla",
                    "code": "48",
                    "sortOrder": 0,
                    "status": 0,
                    "createdAt": "0001-01-01T00:00:00",
                    "updatedAt": "0001-01-01T00:00:00",
                    "addresses": [],
                    "country": null,
                    "districts": []
                },
                {
                    "cityId": 50,
                    "countryId": 0,
                    "name": "Muş",
                    "code": "49",
                    "sortOrder": 0,
                    "status": 0,
                    "createdAt": "0001-01-01T00:00:00",
                    "updatedAt": "0001-01-01T00:00:00",
                    "addresses": [],
                    "country": null,
                    "districts": []
                },
                {
                    "cityId": 51,
                    "countryId": 0,
                    "name": "Nevşehir",
                    "code": "50",
                    "sortOrder": 0,
                    "status": 0,
                    "createdAt": "0001-01-01T00:00:00",
                    "updatedAt": "0001-01-01T00:00:00",
                    "addresses": [],
                    "country": null,
                    "districts": []
                },
                {
                    "cityId": 52,
                    "countryId": 0,
                    "name": "Niğde",
                    "code": "51",
                    "sortOrder": 0,
                    "status": 0,
                    "createdAt": "0001-01-01T00:00:00",
                    "updatedAt": "0001-01-01T00:00:00",
                    "addresses": [],
                    "country": null,
                    "districts": []
                },
                {
                    "cityId": 53,
                    "countryId": 0,
                    "name": "Ordu",
                    "code": "52",
                    "sortOrder": 0,
                    "status": 0,
                    "createdAt": "0001-01-01T00:00:00",
                    "updatedAt": "0001-01-01T00:00:00",
                    "addresses": [],
                    "country": null,
                    "districts": []
                },
                {
                    "cityId": 54,
                    "countryId": 0,
                    "name": "Rize",
                    "code": "53",
                    "sortOrder": 0,
                    "status": 0,
                    "createdAt": "0001-01-01T00:00:00",
                    "updatedAt": "0001-01-01T00:00:00",
                    "addresses": [],
                    "country": null,
                    "districts": []
                },
                {
                    "cityId": 55,
                    "countryId": 0,
                    "name": "Sakarya",
                    "code": "54",
                    "sortOrder": 0,
                    "status": 0,
                    "createdAt": "0001-01-01T00:00:00",
                    "updatedAt": "0001-01-01T00:00:00",
                    "addresses": [],
                    "country": null,
                    "districts": []
                },
                {
                    "cityId": 56,
                    "countryId": 0,
                    "name": "Samsun",
                    "code": "55",
                    "sortOrder": 0,
                    "status": 0,
                    "createdAt": "0001-01-01T00:00:00",
                    "updatedAt": "0001-01-01T00:00:00",
                    "addresses": [],
                    "country": null,
                    "districts": []
                },
                {
                    "cityId": 57,
                    "countryId": 0,
                    "name": "Siirt",
                    "code": "56",
                    "sortOrder": 0,
                    "status": 0,
                    "createdAt": "0001-01-01T00:00:00",
                    "updatedAt": "0001-01-01T00:00:00",
                    "addresses": [],
                    "country": null,
                    "districts": []
                },
                {
                    "cityId": 58,
                    "countryId": 0,
                    "name": "Sinop",
                    "code": "57",
                    "sortOrder": 0,
                    "status": 0,
                    "createdAt": "0001-01-01T00:00:00",
                    "updatedAt": "0001-01-01T00:00:00",
                    "addresses": [],
                    "country": null,
                    "districts": []
                },
                {
                    "cityId": 59,
                    "countryId": 0,
                    "name": "Sivas",
                    "code": "58",
                    "sortOrder": 0,
                    "status": 0,
                    "createdAt": "0001-01-01T00:00:00",
                    "updatedAt": "0001-01-01T00:00:00",
                    "addresses": [],
                    "country": null,
                    "districts": []
                },
                {
                    "cityId": 60,
                    "countryId": 0,
                    "name": "Tekirdağ",
                    "code": "59",
                    "sortOrder": 0,
                    "status": 0,
                    "createdAt": "0001-01-01T00:00:00",
                    "updatedAt": "0001-01-01T00:00:00",
                    "addresses": [],
                    "country": null,
                    "districts": []
                },
                {
                    "cityId": 61,
                    "countryId": 0,
                    "name": "Tokat",
                    "code": "60",
                    "sortOrder": 0,
                    "status": 0,
                    "createdAt": "0001-01-01T00:00:00",
                    "updatedAt": "0001-01-01T00:00:00",
                    "addresses": [],
                    "country": null,
                    "districts": []
                },
                {
                    "cityId": 62,
                    "countryId": 0,
                    "name": "Trabzon",
                    "code": "61",
                    "sortOrder": 0,
                    "status": 0,
                    "createdAt": "0001-01-01T00:00:00",
                    "updatedAt": "0001-01-01T00:00:00",
                    "addresses": [],
                    "country": null,
                    "districts": []
                },
                {
                    "cityId": 63,
                    "countryId": 0,
                    "name": "Tunceli",
                    "code": "62",
                    "sortOrder": 0,
                    "status": 0,
                    "createdAt": "0001-01-01T00:00:00",
                    "updatedAt": "0001-01-01T00:00:00",
                    "addresses": [],
                    "country": null,
                    "districts": []
                },
                {
                    "cityId": 64,
                    "countryId": 0,
                    "name": "Şanlıurfa",
                    "code": "63",
                    "sortOrder": 0,
                    "status": 0,
                    "createdAt": "0001-01-01T00:00:00",
                    "updatedAt": "0001-01-01T00:00:00",
                    "addresses": [],
                    "country": null,
                    "districts": []
                },
                {
                    "cityId": 65,
                    "countryId": 0,
                    "name": "Uşak",
                    "code": "64",
                    "sortOrder": 0,
                    "status": 0,
                    "createdAt": "0001-01-01T00:00:00",
                    "updatedAt": "0001-01-01T00:00:00",
                    "addresses": [],
                    "country": null,
                    "districts": []
                },
                {
                    "cityId": 66,
                    "countryId": 0,
                    "name": "Van",
                    "code": "65",
                    "sortOrder": 0,
                    "status": 0,
                    "createdAt": "0001-01-01T00:00:00",
                    "updatedAt": "0001-01-01T00:00:00",
                    "addresses": [],
                    "country": null,
                    "districts": []
                },
                {
                    "cityId": 67,
                    "countryId": 0,
                    "name": "Yozgat",
                    "code": "66",
                    "sortOrder": 0,
                    "status": 0,
                    "createdAt": "0001-01-01T00:00:00",
                    "updatedAt": "0001-01-01T00:00:00",
                    "addresses": [],
                    "country": null,
                    "districts": []
                },
                {
                    "cityId": 68,
                    "countryId": 0,
                    "name": "Zonguldak",
                    "code": "67",
                    "sortOrder": 0,
                    "status": 0,
                    "createdAt": "0001-01-01T00:00:00",
                    "updatedAt": "0001-01-01T00:00:00",
                    "addresses": [],
                    "country": null,
                    "districts": []
                },
                {
                    "cityId": 69,
                    "countryId": 0,
                    "name": "Aksaray",
                    "code": "68",
                    "sortOrder": 0,
                    "status": 0,
                    "createdAt": "0001-01-01T00:00:00",
                    "updatedAt": "0001-01-01T00:00:00",
                    "addresses": [],
                    "country": null,
                    "districts": []
                },
                {
                    "cityId": 70,
                    "countryId": 0,
                    "name": "Bayburt",
                    "code": "69",
                    "sortOrder": 0,
                    "status": 0,
                    "createdAt": "0001-01-01T00:00:00",
                    "updatedAt": "0001-01-01T00:00:00",
                    "addresses": [],
                    "country": null,
                    "districts": []
                },
                {
                    "cityId": 71,
                    "countryId": 0,
                    "name": "Karaman",
                    "code": "70",
                    "sortOrder": 0,
                    "status": 0,
                    "createdAt": "0001-01-01T00:00:00",
                    "updatedAt": "0001-01-01T00:00:00",
                    "addresses": [],
                    "country": null,
                    "districts": []
                },
                {
                    "cityId": 72,
                    "countryId": 0,
                    "name": "Kırıkkale",
                    "code": "71",
                    "sortOrder": 0,
                    "status": 0,
                    "createdAt": "0001-01-01T00:00:00",
                    "updatedAt": "0001-01-01T00:00:00",
                    "addresses": [],
                    "country": null,
                    "districts": []
                },
                {
                    "cityId": 73,
                    "countryId": 0,
                    "name": "Batman",
                    "code": "72",
                    "sortOrder": 0,
                    "status": 0,
                    "createdAt": "0001-01-01T00:00:00",
                    "updatedAt": "0001-01-01T00:00:00",
                    "addresses": [],
                    "country": null,
                    "districts": []
                },
                {
                    "cityId": 74,
                    "countryId": 0,
                    "name": "Şırnak",
                    "code": "73",
                    "sortOrder": 0,
                    "status": 0,
                    "createdAt": "0001-01-01T00:00:00",
                    "updatedAt": "0001-01-01T00:00:00",
                    "addresses": [],
                    "country": null,
                    "districts": []
                },
                {
                    "cityId": 75,
                    "countryId": 0,
                    "name": "Bartın",
                    "code": "74",
                    "sortOrder": 0,
                    "status": 0,
                    "createdAt": "0001-01-01T00:00:00",
                    "updatedAt": "0001-01-01T00:00:00",
                    "addresses": [],
                    "country": null,
                    "districts": []
                },
                {
                    "cityId": 76,
                    "countryId": 0,
                    "name": "Ardahan",
                    "code": "75",
                    "sortOrder": 0,
                    "status": 0,
                    "createdAt": "0001-01-01T00:00:00",
                    "updatedAt": "0001-01-01T00:00:00",
                    "addresses": [],
                    "country": null,
                    "districts": []
                },
                {
                    "cityId": 77,
                    "countryId": 0,
                    "name": "Iğdır",
                    "code": "76",
                    "sortOrder": 0,
                    "status": 0,
                    "createdAt": "0001-01-01T00:00:00",
                    "updatedAt": "0001-01-01T00:00:00",
                    "addresses": [],
                    "country": null,
                    "districts": []
                },
                {
                    "cityId": 78,
                    "countryId": 0,
                    "name": "Yalova",
                    "code": "77",
                    "sortOrder": 0,
                    "status": 0,
                    "createdAt": "0001-01-01T00:00:00",
                    "updatedAt": "0001-01-01T00:00:00",
                    "addresses": [],
                    "country": null,
                    "districts": []
                },
                {
                    "cityId": 79,
                    "countryId": 0,
                    "name": "Karabük",
                    "code": "78",
                    "sortOrder": 0,
                    "status": 0,
                    "createdAt": "0001-01-01T00:00:00",
                    "updatedAt": "0001-01-01T00:00:00",
                    "addresses": [],
                    "country": null,
                    "districts": []
                },
                {
                    "cityId": 80,
                    "countryId": 0,
                    "name": "Kilis",
                    "code": "79",
                    "sortOrder": 0,
                    "status": 0,
                    "createdAt": "0001-01-01T00:00:00",
                    "updatedAt": "0001-01-01T00:00:00",
                    "addresses": [],
                    "country": null,
                    "districts": []
                },
                {
                    "cityId": 81,
                    "countryId": 0,
                    "name": "Osmaniye",
                    "code": "80",
                    "sortOrder": 0,
                    "status": 0,
                    "createdAt": "0001-01-01T00:00:00",
                    "updatedAt": "0001-01-01T00:00:00",
                    "addresses": [],
                    "country": null,
                    "districts": []
                },
                {
                    "cityId": 82,
                    "countryId": 0,
                    "name": "Düzce",
                    "code": "81",
                    "sortOrder": 0,
                    "status": 0,
                    "createdAt": "0001-01-01T00:00:00",
                    "updatedAt": "0001-01-01T00:00:00",
                    "addresses": [],
                    "country": null,
                    "districts": []
                }
            ]
        }
    ],
    "errors": null
}
