{
  "status": 1,
  "cached": 0,
  "message": "Options retrieved successfully",
  "count": 1,
  "data": [
    {
      "optionId": 1,
      "name": "Renk",
      "code": "color",
      "items": [
        {
          "id": "1",
          "name": "Renksiz",
          "style": "#cdcdcd",
          "value": "954,965,978,1028,1114,1119,1120,1135"
        },
        {
          "id": "2",
          "name": "Siyah",
          "style": "#000000",
          "value": "955,983,990,991,996,1007,1035,1048,1050,1054,1064,1094,1100,1106,1110,1126"
        },
        {
          "id": "3",
          "name": "Mavi",
          "style": "#2b47b6",
          "value": "956,962,988,1004,1013,1021,1036,1040,1062,1070,1071,1078,1081,1085,1090,1097,1104,1108,1112,1113,1128,1133,1136"
        },
        {
          "id": "4",
          "name": "Beyaz",
          "style": "#FFFFFF",
          "value": "957,973,976,977,1001,1025,1030,1032,1063,1099,1101,1127"
        },
        {
          "id": "5",
          "name": "Pembe",
          "style": "#ffa4a4",
          "value": "958,961,975,985,987,997,1002,1008,1012,1015,1016,1019,1060,1066,1091,1130,1145"
        },
        {
          "id": "6",
          "name": "Kırmızı",
          "style": "#b62b2b",
          "value": "960,994,1014,1017,1018,1020,1038,1109,1121,1123,1124,1134"
        },
        {
          "id": "7",
          "name": "Kahverengi",
          "style": "#2f0f03",
          "value": "963,998,1022,1044,1055,1072,1084,1088,1102"
        },
        {
          "id": "8",
          "name": "Sarı",
          "style": "#b6a32b",
          "value": "964,1023,1045,1086,1093,1096"
        },
        {
          "id": "9",
          "name": "Turuncu",
          "style": "#ffa000",
          "value": "966,980,981,986,995,1006,1024,1027,1029,1047,1051,1122"
        },
        {
          "id": "10",
          "name": "Yeşil",
          "style": "#44b62b",
          "value": "967,979,1003,1009,1010,1011,1042,1067,1069,1075,1076,1077,1082,1105,1111,1116,1118,1131,1132"
        },
        {
          "id": "11",
          "name": "Bordo",
          "style": "#2d0226",
          "value": "968,1005,1073"
        },
        {
          "id": "12",
          "name": "Gri",
          "style": "#8a8a8a",
          "value": "969,971,972,982,984,989,999,1033,1034,1037,1046,1059,1065,1068,1074,1079,1080,1083,1095,1098,1103,1107,1115,1117"
        },
        {
          "id": "13",
          "name": "Mor",
          "style": "#2f0f03",
          "value": "992,993,1000,1026,1031,1039,1049,1053,1056,1129"
        }
      ]
    }
  ],
  "errors": null
}