{
    "status": 1,
    "cached": 0,
    "message": "Found 23 brand entries in database",
    "count": 23,
    "data": {
        "page": 1,
        "offset": 50,
        "totalPage": 1,
        "totalCount": 23,
        "nextPageUrl": "http:\/\/89.43.65.162\/brands?page=1&offset=50",
        "previousPageUrl": "http:\/\/89.43.65.162\/brands?page=1&offset=50",
        "firstPageUrl": "http:\/\/89.43.65.162\/brands?page=1&offset=50",
        "lastPageUrl": "http:\/\/89.43.65.162\/brands?page=1&offset=50",
        "items": [
            {
                "brandId": 1,
                "parentId": null,
                "name": "Baseus",
                "image": "img\/2023-06\/12\/artboard-1baseus-logo-1686589607-1.png",
                "code": "1",
                "slug": "",
                "description": "Baseus Satış Temsilcisi İletişim ve Satış Havale, Kredi Kartı ile &ouml;deme ve toptan satış | hejatek.com",
                "metaTitle": "Hejatek | Baseus Cep Telefonu Akseusları Toptan ve Parakende Satış - akilliphone.com",
                "metaDescription": "Baseus Satış Temsilcisi İletişim ve Satış Havale, Kredi Kartı ile &ouml;deme ve toptan satış | hejatek.com",
                "trendyolBrand": null,
                "trendyolBrandId": null,
                "sortOrder": 0,
                "status": true,
                "createdAt": "2023-07-18T18:01:36.3466408",
                "updatedAt": "2023-09-03T10:57:01.1767206",
                "parent": null,
                "children": [],
                "products": []
            },
            {
                "brandId": 2,
                "parentId": null,
                "name": "Puluz",
                "image": "img\/2023-06\/12\/artboard-1puluz-logo-1686589597-1.png",
                "code": "2",
                "slug": "",
                "description": "Puluz",
                "metaTitle": "Puluz",
                "metaDescription": "Puluz",
                "trendyolBrand": null,
                "trendyolBrandId": null,
                "sortOrder": 0,
                "status": true,
                "createdAt": "2023-07-18T18:01:36.679658",
                "updatedAt": "2023-09-03T10:57:02.1631921",
                "parent": null,
                "children": [],
                "products": []
            },
            {
                "brandId": 3,
                "parentId": null,
                "name": "Kuulaa",
                "image": "img\/2023-06\/12\/artboard-1kuulaa-logo-1686589587-1.png",
                "code": "3",
                "slug": "",
                "description": "Baseus Satış Temsilcisi İletişim ve Satış Havale, Kredi Kartı ile &ouml;deme ve toptan satış | hejatek.com",
                "metaTitle": "Hejatek | Baseus Cep Telefonu Akseusları Toptan ve Parakende Satış - akilliphone.com",
                "metaDescription": "Baseus Satış Temsilcisi İletişim ve Satış Havale, Kredi Kartı ile &ouml;deme ve toptan satış | hejatek.com",
                "trendyolBrand": null,
                "trendyolBrandId": null,
                "sortOrder": 0,
                "status": true,
                "createdAt": "2023-07-18T18:01:36.8057206",
                "updatedAt": "2023-09-03T10:57:02.2523497",
                "parent": null,
                "children": [],
                "products": []
            },
            {
                "brandId": 4,
                "parentId": null,
                "name": "Ezere",
                "image": "img\/2023-06\/12\/artboard-1ezere-logo-1686589576-1.png",
                "code": "4",
                "slug": "",
                "description": "Ezere",
                "metaTitle": "Ezere",
                "metaDescription": "Ezere",
                "trendyolBrand": null,
                "trendyolBrandId": null,
                "sortOrder": 0,
                "status": true,
                "createdAt": "2023-07-18T18:01:36.8891549",
                "updatedAt": "2023-09-03T10:57:02.3457086",
                "parent": null,
                "children": [],
                "products": []
            },
            {
                "brandId": 5,
                "parentId": null,
                "name": "Plextone",
                "image": "img\/2023-06\/12\/artboard-1plextone-logo-1686589567-1.png",
                "code": "5",
                "slug": "",
                "description": "Plextone",
                "metaTitle": "Plextone",
                "metaDescription": "Plextone",
                "trendyolBrand": null,
                "trendyolBrandId": null,
                "sortOrder": 0,
                "status": true,
                "createdAt": "2023-07-18T18:01:36.9720085",
                "updatedAt": "2023-09-03T10:57:02.4494125",
                "parent": null,
                "children": [],
                "products": []
            },
            {
                "brandId": 6,
                "parentId": null,
                "name": "Ally",
                "image": "img\/2023-06\/12\/artboard-1ally-logo-1686590102-1.png",
                "code": "6",
                "slug": "",
                "description": "Ally",
                "metaTitle": "Ally",
                "metaDescription": "Ally",
                "trendyolBrand": null,
                "trendyolBrandId": null,
                "sortOrder": 0,
                "status": true,
                "createdAt": "2023-07-18T18:01:37.1132654",
                "updatedAt": "2023-09-03T10:57:02.5505803",
                "parent": null,
                "children": [],
                "products": []
            },
            {
                "brandId": 7,
                "parentId": null,
                "name": "Floveme",
                "image": "img\/2023-06\/12\/artboard-1floveme-logo-1686589557-1.png",
                "code": "7",
                "slug": "",
                "description": "Floveme",
                "metaTitle": "Floveme",
                "metaDescription": "Floveme",
                "trendyolBrand": null,
                "trendyolBrandId": null,
                "sortOrder": 0,
                "status": true,
                "createdAt": "2023-07-18T18:01:37.2091469",
                "updatedAt": "2023-09-03T10:57:02.6438624",
                "parent": null,
                "children": [],
                "products": []
            },
            {
                "brandId": 8,
                "parentId": null,
                "name": "Mijobs",
                "image": "img\/2023-06\/12\/artboard-1mijobs-logo-1686589545-1.png",
                "code": "9",
                "slug": "",
                "description": "Mijobs",
                "metaTitle": "Mijobs",
                "metaDescription": "Mijobs",
                "trendyolBrand": null,
                "trendyolBrandId": null,
                "sortOrder": 0,
                "status": true,
                "createdAt": "2023-07-18T18:01:37.2995786",
                "updatedAt": "2023-09-03T10:57:02.7293445",
                "parent": null,
                "children": [],
                "products": []
            },
            {
                "brandId": 9,
                "parentId": null,
                "name": "GOR",
                "image": "img\/2023-06\/15\/artboard-1gor-logo-logo-1686847997-1.png",
                "code": "10",
                "slug": "",
                "description": "GOR",
                "metaTitle": "GOR",
                "metaDescription": "GOR",
                "trendyolBrand": null,
                "trendyolBrandId": null,
                "sortOrder": 0,
                "status": true,
                "createdAt": "2023-07-18T18:01:37.4215197",
                "updatedAt": "2023-09-03T10:57:02.8137349",
                "parent": null,
                "children": [],
                "products": []
            },
            {
                "brandId": 10,
                "parentId": null,
                "name": "DUX DUCİS",
                "image": "img\/2023-06\/12\/artboard-1dux-ducis-logo-1686589533-1.png",
                "code": "11",
                "slug": "",
                "description": "DUX DUCİS",
                "metaTitle": "DUX DUCİS",
                "metaDescription": "DUX DUCİS",
                "trendyolBrand": null,
                "trendyolBrandId": null,
                "sortOrder": 0,
                "status": true,
                "createdAt": "2023-07-18T18:01:37.5277594",
                "updatedAt": "2023-09-03T10:57:02.9060779",
                "parent": null,
                "children": [],
                "products": []
            },
            {
                "brandId": 11,
                "parentId": null,
                "name": "USAMS",
                "image": "img\/2023-06\/12\/artboard-1usamss-logo-1686585641-1.png",
                "code": "12",
                "slug": "",
                "description": "USAMS",
                "metaTitle": "USAMS",
                "metaDescription": "USAMS",
                "trendyolBrand": null,
                "trendyolBrandId": null,
                "sortOrder": 0,
                "status": true,
                "createdAt": "2023-07-18T18:01:37.6050079",
                "updatedAt": "2023-09-03T10:57:02.9999776",
                "parent": null,
                "children": [],
                "products": []
            },
            {
                "brandId": 12,
                "parentId": null,
                "name": "Borofone",
                "image": "img\/2023-06\/12\/artboard-1borofone-logo-1686589734-1.png",
                "code": "13",
                "slug": "",
                "description": "Borofone",
                "metaTitle": "Borofone",
                "metaDescription": "Borofone",
                "trendyolBrand": null,
                "trendyolBrandId": null,
                "sortOrder": 0,
                "status": true,
                "createdAt": "2023-07-18T18:01:37.6936799",
                "updatedAt": "2023-09-03T10:57:03.0892498",
                "parent": null,
                "children": [],
                "products": []
            },
            {
                "brandId": 13,
                "parentId": null,
                "name": "Memo",
                "image": "img\/2023-06\/15\/artboard-1memo-logo-logo-1686846274-1.png",
                "code": "14",
                "slug": "",
                "description": "Memo",
                "metaTitle": "Memo",
                "metaDescription": "Memo",
                "trendyolBrand": null,
                "trendyolBrandId": null,
                "sortOrder": 0,
                "status": true,
                "createdAt": "2023-07-18T18:01:37.8018285",
                "updatedAt": "2023-09-03T10:57:03.1924697",
                "parent": null,
                "children": [],
                "products": []
            },
            {
                "brandId": 14,
                "parentId": null,
                "name": "Hxsj",
                "image": "img\/2023-06\/15\/artboard-1hxsj-logo-logo-1686846489-1.png",
                "code": "15",
                "slug": "",
                "description": "Hxsj",
                "metaTitle": "Hxsj",
                "metaDescription": "Hxsj",
                "trendyolBrand": null,
                "trendyolBrandId": null,
                "sortOrder": 0,
                "status": true,
                "createdAt": "2023-07-18T18:01:37.8924915",
                "updatedAt": "2023-09-03T10:57:03.2789955",
                "parent": null,
                "children": [],
                "products": []
            },
            {
                "brandId": 15,
                "parentId": null,
                "name": "Best",
                "image": "img\/2023-06\/15\/artboard-1best-logo-logo-1686847098-1.png",
                "code": "16",
                "slug": "",
                "description": "Best",
                "metaTitle": "Best",
                "metaDescription": "Best",
                "trendyolBrand": null,
                "trendyolBrandId": null,
                "sortOrder": 0,
                "status": true,
                "createdAt": "2023-07-18T18:01:37.9730637",
                "updatedAt": "2023-09-03T10:57:03.367491",
                "parent": null,
                "children": [],
                "products": []
            },
            {
                "brandId": 16,
                "parentId": null,
                "name": "Jakemy",
                "image": "img\/2023-06\/12\/artboard-1jakemy-logo-1686589501-1.png",
                "code": "17",
                "slug": "",
                "description": "Jakemy",
                "metaTitle": "Jakemy",
                "metaDescription": "Jakemy",
                "trendyolBrand": null,
                "trendyolBrandId": null,
                "sortOrder": 0,
                "status": true,
                "createdAt": "2023-07-18T18:01:38.06125",
                "updatedAt": "2023-09-03T10:57:03.4923946",
                "parent": null,
                "children": [],
                "products": []
            },
            {
                "brandId": 17,
                "parentId": null,
                "name": "USLİON",
                "image": "img\/2023-06\/12\/artboard-1uslıon-logo-1686589491-1.png",
                "code": "18",
                "slug": "",
                "description": "USLİON",
                "metaTitle": "USLİON",
                "metaDescription": "USLİON",
                "trendyolBrand": null,
                "trendyolBrandId": null,
                "sortOrder": 0,
                "status": true,
                "createdAt": "2023-07-18T18:01:38.1500652",
                "updatedAt": "2023-09-03T10:57:03.596166",
                "parent": null,
                "children": [],
                "products": []
            },
            {
                "brandId": 18,
                "parentId": null,
                "name": "NORTH BAYOU",
                "image": "img\/2023-06\/12\/nb-loog-1686559578-1.jpg",
                "code": "19",
                "slug": "",
                "description": "NORTH BAYOU",
                "metaTitle": "NORTH BAYOU",
                "metaDescription": "NORTH BAYOU",
                "trendyolBrand": null,
                "trendyolBrandId": null,
                "sortOrder": 0,
                "status": true,
                "createdAt": "2023-07-18T18:01:38.241079",
                "updatedAt": "2023-09-03T10:57:03.7870921",
                "parent": null,
                "children": [],
                "products": []
            },
            {
                "brandId": 19,
                "parentId": null,
                "name": "Haweel",
                "image": "img\/2023-06\/12\/artboard-1haweel-logo-1686589478-1.png",
                "code": "20",
                "slug": "",
                "description": "Haweel",
                "metaTitle": "Haweel",
                "metaDescription": "Haweel",
                "trendyolBrand": null,
                "trendyolBrandId": null,
                "sortOrder": 0,
                "status": true,
                "createdAt": "2023-07-18T18:01:38.3275467",
                "updatedAt": "2023-09-03T10:57:03.9629695",
                "parent": null,
                "children": [],
                "products": []
            },
            {
                "brandId": 20,
                "parentId": null,
                "name": "Jiafa",
                "image": "img\/2023-06\/15\/artboard-1jiafa-logo-logo-1686846718-1.png",
                "code": "21",
                "slug": "",
                "description": "Jiafa",
                "metaTitle": "Jiafa",
                "metaDescription": "Jiafa",
                "trendyolBrand": null,
                "trendyolBrandId": null,
                "sortOrder": 0,
                "status": true,
                "createdAt": "2023-07-18T18:01:38.4122438",
                "updatedAt": "2023-09-03T10:57:04.1158647",
                "parent": null,
                "children": [],
                "products": []
            },
            {
                "brandId": 21,
                "parentId": null,
                "name": "Hoco",
                "image": "img\/2023-06\/12\/artboard-1hoco-logo-1686589470-1.png",
                "code": "22",
                "slug": "",
                "description": "Hoco",
                "metaTitle": "Hoco",
                "metaDescription": "Hoco",
                "trendyolBrand": null,
                "trendyolBrandId": null,
                "sortOrder": 0,
                "status": true,
                "createdAt": "2023-07-18T18:01:38.4921419",
                "updatedAt": "2023-09-03T10:57:04.2540849",
                "parent": null,
                "children": [],
                "products": []
            },
            {
                "brandId": 22,
                "parentId": null,
                "name": "Duzzona",
                "image": "img\/2023-06\/09\/duzzzona-1686313711-1.png",
                "code": "23",
                "slug": "",
                "description": "Duzzona",
                "metaTitle": "Duzzona",
                "metaDescription": "Duzzona",
                "trendyolBrand": null,
                "trendyolBrandId": null,
                "sortOrder": 0,
                "status": true,
                "createdAt": "2023-07-18T18:01:38.5652134",
                "updatedAt": "2023-09-03T10:57:04.3848472",
                "parent": null,
                "children": [],
                "products": []
            },
            {
                "brandId": 23,
                "parentId": null,
                "name": "Diğer",
                "image": "img\/2023-06\/12\/artboard-1diğer-logo-1686589462-1.png",
                "code": "24",
                "slug": "",
                "description": "Diğer",
                "metaTitle": "Diğer",
                "metaDescription": "Diğer",
                "trendyolBrand": null,
                "trendyolBrandId": null,
                "sortOrder": 0,
                "status": true,
                "createdAt": "2023-07-18T18:01:38.6460686",
                "updatedAt": "2023-09-03T10:57:04.530941",
                "parent": null,
                "children": [],
                "products": []
            }
        ]
    },
    "errors": null
}