{
    "status": 1,
    "data": {
        "items": [
            {
                "desktopImage": "https:\/\/cdn.akilliphone.com\/8004\/1100x390\/2023-10\/05\/baseus-kablo-1696505730-1.jpg",
                "mobileImage": "https:\/\/cdn.akilliphone.com\/8004\/326x227\/2023-10\/05\/baseus-kablo-1696505730-1.jpg",
                "slug": "https:\/\/ethem.akilliphone.com\/incele\/baseus-superior-series-2-4a-usb-to-iphone-lightning-sarj-kablosu-1-5m-107532?id=12086",
                "title": "Baseus Superior Series 2.4A USB to iPhone Lightning Şarj Kablosu 1.5m",
                "thumb": "https:\/\/cdn.akilliphone.com\/8004\/65x48\/2023-10\/05\/baseus-kablo-1696505768-1.jpg",
                "bgColor": "#EDEDED",
                "product": [],
                "orderNumber": 1
            },
            {
                "desktopImage": "https:\/\/cdn.akilliphone.com\/8004\/1100x390\/2023-10\/05\/a-yeni-site-kurtar%C4%B1ld%C4%B1-1696505322-1.jpg",
                "mobileImage": "https:\/\/cdn.akilliphone.com\/8004\/326x227\/2023-10\/05\/a-yeni-site-kurtar%C4%B1ld%C4%B1-1696505322-1.jpg",
                "slug": "https:\/\/ethem.akilliphone.com\/incele\/memo-fl-07-400mah-sarj-edilebilir-cep-telefonu-sogutma-fani-radyator-sogutucu-106521?id=11151",
                "title": "MEMO FL-07 400mAh Şarj Edilebilir Cep Telefonu Soğutma Fanı Radyatör Soğutucu",
                "thumb": "https:\/\/cdn.akilliphone.com\/8004\/65x48\/2023-10\/05\/a-kurtar%C4%B1ld%C4%B1-1696505360-1.png",
                "bgColor": "#05031B",
                "product": [],
                "orderNumber": 2
            },
            {
                "desktopImage": "https:\/\/cdn.akilliphone.com\/8004\/1100x390\/2023-09\/29\/yeni-site-1695994616-1.jpg",
                "mobileImage": "https:\/\/cdn.akilliphone.com\/8004\/326x227\/2023-09\/29\/yeni-site-1695994616-1.jpg",
                "slug": "https:\/\/ethem.akilliphone.com\/incele\/ally-p2962-kulakustu-kablosuz-bluetooth-kulaklik-107566?id=12114",
                "title": "ALLY P2962 Kulaküstü Kablosuz Bluetooth Kulaklık",
                "thumb": "https:\/\/cdn.akilliphone.com\/8004\/65x48\/2023-09\/29\/yeni-site-1695994673-1.png",
                "bgColor": "#9CCAD7",
                "product": [],
                "orderNumber": 3
            },
            {
                "desktopImage": "https:\/\/cdn.akilliphone.com\/8004\/1100x390\/2023-09\/29\/bs582-yeni-site-1695994107-1.jpg",
                "mobileImage": "https:\/\/cdn.akilliphone.com\/8004\/326x227\/2023-09\/29\/bs582-yeni-site-1695994107-1.jpg",
                "slug": "https:\/\/ethem.akilliphone.com\/incele\/ally-bs585-masaustu-gece-lambasi-bluetooth-hoparlor-107474?id=12034",
                "title": "ALLY BS585 Masaüstü Gece Lambası Bluetooth Hoparlör",
                "thumb": "https:\/\/cdn.akilliphone.com\/8004\/65x48\/2023-09\/29\/bs582-yeni-site-1695994129-1.png",
                "bgColor": "#C0B7B0",
                "product": [],
                "orderNumber": 4
            },
            {
                "desktopImage": "https:\/\/cdn.akilliphone.com\/8004\/1100x390\/2023-09\/29\/ezere-fan-yeni-site-1695993389-1.jpg",
                "mobileImage": "https:\/\/cdn.akilliphone.com\/8004\/326x227\/2023-09\/29\/ezere-fan-yeni-site-1695993389-1.jpg",
                "slug": "https:\/\/www.akilliphone.com\/incele\/ezere-tasinabilir-sarjli-ev-ofis-hava-nemlendirici-sogutucu-masaustu-fan-107668",
                "title": "EZERE Taşınabilir Şarjlı Ev Ofis Hava Nemlendirici Soğutucu Masaüstü Fan",
                "thumb": "https:\/\/cdn.akilliphone.com\/8004\/65x48\/2023-09\/29\/ezere-fan--1695993438-1.png",
                "bgColor": "#0C1C12",
                "product": [],
                "orderNumber": 5
            },
            {
                "desktopImage": "https:\/\/cdn.akilliphone.com\/8004\/1100x390\/2023-09\/01\/1234-1693566209-1.jpg",
                "mobileImage": "https:\/\/cdn.akilliphone.com\/8004\/326x227\/2023-09\/01\/1234-1693566209-1.jpg",
                "slug": "https:\/\/www.akilliphone.com\/incele\/dux-ducis-ipad-pro-12-9-2022-2021-2020-2018-kilif-copa-series-uyku-modlu-kapakli-kilif-107630",
                "title": "Dux Ducis iPad Pro 12.9 2022-2021-2020-2018 Kılıf Copa Series Uyku Modlu Kapaklı Kılıf",
                "thumb": "https:\/\/cdn.akilliphone.com\/8004\/65x48\/2023-09\/01\/copa-1693566243-1.png",
                "bgColor": "#F2F2F2",
                "product": [],
                "orderNumber": 6
            },
            {
                "desktopImage": "https:\/\/cdn.akilliphone.com\/8004\/1100x390\/2023-08\/28\/hoco-eq4-yeni-site-%281%29-1693226275-1.jpg",
                "mobileImage": "https:\/\/cdn.akilliphone.com\/8004\/326x227\/2023-08\/28\/hoco-eq4-yeni-site-%281%29-1693226275-1.jpg",
                "slug": "https:\/\/ethem.akilliphone.com\/incele\/hoco-eq4-tws-fully-open-kablosuz-bluetooth-5-3-acik-kulaklik-107665?id=12203",
                "title": "HOCO EQ4 TWS Fully Open Kablosuz Bluetooth 5.3 Açık Kulaklık",
                "thumb": "https:\/\/cdn.akilliphone.com\/8004\/65x48\/2023-08\/28\/hoca-eq4-1693226838-1.png",
                "bgColor": "#C17F53",
                "product": [],
                "orderNumber": 7
            },
            {
                "desktopImage": "https:\/\/cdn.akilliphone.com\/8004\/1100x390\/2023-08\/24\/a-yeni-site-1692873406-1.jpg",
                "mobileImage": "https:\/\/cdn.akilliphone.com\/8004\/326x227\/2023-08\/24\/a-yeni-site-1692873406-1.jpg",
                "slug": "https:\/\/www.akilliphone.com\/incele\/ally-q15-10000mah-pd-20w-magsafe-uyumlu-hizli-sarj-powerbank-standli-107734",
                "title": "ALLY Q15 10000mAh PD 20W Magsafe Uyumlu Hızlı Şarj Powerbank Standlı",
                "thumb": "https:\/\/cdn.akilliphone.com\/8004\/65x48\/2023-08\/24\/a-1692873499-1.png",
                "bgColor": "#D2E2FE",
                "product": [],
                "orderNumber": 8
            },
            {
                "desktopImage": "https:\/\/cdn.akilliphone.com\/8004\/1100x390\/2023-08\/14\/dux-ducis-a%C4%B1mo-14-pro-yeni-site-1692019419-1.jpg",
                "mobileImage": "https:\/\/cdn.akilliphone.com\/8004\/326x227\/2023-08\/14\/dux-ducis-a%C4%B1mo-14-pro-yeni-site-1692019419-1.jpg",
                "slug": "https:\/\/www.akilliphone.com\/incele\/dux-ducis-iphone-14-pro-aimo-series-premium-buzlu-sert-pc-tpu-kilif-107699",
                "title": "Dux Ducis iPhone 14 Pro Aimo Series Premium Buzlu Sert PC-TPU Kılıf",
                "thumb": "https:\/\/cdn.akilliphone.com\/8004\/65x48\/2023-08\/16\/thumb-copy-1692181965-1.png",
                "bgColor": "#143253",
                "product": [],
                "orderNumber": 9
            },
            {
                "desktopImage": "https:\/\/cdn.akilliphone.com\/8004\/1100x390\/2023-08\/11\/ally-usb-s%C4%B1rt-%C3%A7antas%C4%B1-yeni-site-1691751679-1.jpg",
                "mobileImage": "https:\/\/cdn.akilliphone.com\/8004\/326x227\/2023-08\/11\/ally-usb-s%C4%B1rt-%C3%A7antas%C4%B1-yeni-site-1691751679-1.jpg",
                "slug": "https:\/\/www.akilliphone.com\/incele\/ally-usb-sarj-girisli-cok-fonksiyonlu-su-gecirmez-erkek-bel-ve-sirt-cantasi-107562",
                "title": "Ally USB Şarj Girişli Çok Fonksiyonlu Su Geçirmez Erkek Bel ve Sırt Çantası",
                "thumb": "https:\/\/cdn.akilliphone.com\/8004\/65x48\/2023-08\/17\/ally-%C3%A7anta-1692256013-1.png",
                "bgColor": "#FFFFFF",
                "product": [],
                "orderNumber": 10
            }
        ]
    }
}